1,2073,AC Adaptors for 500 Interface,4,.
2,2073,AC Adaptors for 750 Interface,3,.
3,2073,Acceleration Sensor,4,.
4,2073,Acceleration Sensors PASPORT,2,.
5,2073,Accessory Lens,14,.
6,2073,Angle Indicator,5,.
7,2073,Aperture Accessory,0,.
8,2073,Aperture Bracket,3,.
9,2073,Atmospheric Pressure Demo,1,.
10,2073,Barometer,1,.
11,2073,Barometer PASPORT,7,.
12,2073,Belt Replace,3,.
13,2073,Black Body Light Source,2,.
14,2073,Black Body Prism,2,.
15,2073,Cart Adapter Accessory,1,.
16,2073,Cart Launcher,3,.
17,2073,Chaos Accessory,1,.
18,2073,CO2 Sensors PASPORT,6,.
19,2073,Collimating Lens,3,.
20,2073,Collimating Slit,3,.
21,2073,Colorimeter,6,.
22,2073,Concave Mirror Accessory,2,.
23,2073,Conductivity Sensor,1,.
24,2073,Current Sensor,1,.
25,2073,Cuvettes Set For Colorimeter,1,.
26,2073,Diffraction Grating,3,.
27,2073,Dissolved Oxygen Sensor,2,.
28,2073,Dynamics Carts ,10,.
29,2073,Dynamics Track,3,.
30,2073,Dynamics Track Spring Set,3,.
31,2073,Dynamics Track 12 m,3,.
32,2073,EKG Sensor,1,.
33,2073,Electric Whirl,0,.
34,2073,Energy Transfer Generator,2,.
35,2073,ET - Flywheel Accessory,0,.
36,2073,Fan Accessory,3,.
37,2073,Flow Rate Sensor,2,.
38,2073,Force Platform,2,.
39,2073,Force Sensor,3,.
40,2073,Friction Block,6,.
41,2073,Geiger-Muller Tube ,1,.
42,2073,Half Screen,2,.
43,2073,Heart Rate Sensor,3,.
44,2073,Heart Rate Sensor PASPORT,10,.
45,2073,Heat Engine Gas Law Apparatus,1,.
46,2073,Humidity Sensor,2,.
47,2073,Humidity/Temperature/Dew Point PASPORT,1,.
48,2073,Interface - 500,6,.
49,2073,Interface - 750,3,.
50,2073,Ion Selective Amplifier,0,.
51,2073,Ion Selective Electrode,6,.
52,2073,Laser (Basic optics diode),3,.
53,2073,Lens Holder,2,.
54,2073,Lenz's Law Demonstrator,1,.
55,2073,Light Sensor,6,.
56,2073,Light Sensor Broad Spectrum,2,.
57,2073,Light Sensor High Sensitivity,3,.
58,2073,Light Source Basic Optics,7,.
59,2073,Linear Translator,3,.
60,2073,Magnetic Field Sensor,4,.
61,2073,Mass and Hanger Set,2,.
62,2073,Mass 250 g,6,.
63,2073,Mass 500 g,8,.
64,2073,Mechanical Oscillator /Driver,1,.
65,2073,Microphone RadioShack,1,.
66,2073,Mini-Rotational Accessory,1,.
67,2073,Motion Sensor  ,1,.
68,2073,Motion Sensor II,6,.
69,2073,Motion Sensor PASPORT,5,.
70,2073,Optics Bench 116m,5,.
71,2073,Optics Bench 60 cm,1,.
72,2073,Optics Table,4,.
73,2073,pH Sensor,6,.
74,2073,pH Sensor PASPORT,6,.
75,2073,Photogate Head,7,.
76,2073,Photogate Mounting Bracket,1,.
77,2073,Photogate/Pulley System,7,.
78,2073,Picket Fence,8,.
79,2073,Picket Fence Five Pattern ,7,.
80,2073,Picket Fence Smart Timer,2,.
81,2073,Polarization Analyzer,2,.
82,2073,Power amplifier II,4,.
83,2073,Pressure Sensor Absolute ( 0 to 700 kPa ),8,.
84,2073,Pressure Sensor Absolute PASPORT,4,.
85,2073,Pressure Sensor Low ( 0 to 10 kPa ),2,.
86,2073,Projectile Launcher,1,.
87,2073,Projectile Launcher Mini,1,.
88,2073,Ray Box Component Set,6,.
89,2073,Ray Optics Kit,5,.
90,2073,Resonance Tube,2,.
91,2073,Respiration Rate Sensor,3,.
92,2073,RLC Network,2,.
93,2073,Rotary Motion Sensor,6,.
94,2073,Slit Accessory Multiple,3,.
95,2073,Slit Accessory Single,3,.
96,2073,Smart Pulley ,3,.
97,2073,Smart Timer,1,.
98,2073,Sonometer ,2,.
99,2073,Sonometer Driver / Detector Coils,2,.
100,2073,Sound Sensor,4,.
101,2073,Spectrophotometer Accessory Kit,3,.
102,2073,Spring Cart Launcher,2,.
103,2073,Steel Wires,11,.
104,2073,Subwoofer Speaker with Wave Driver Post,1,.
105,2073,Teflon Sensor Cover,1,.
106,2073,Temperature Sensor ( -5 to 105  C ),20,.
107,2073,Temperature Sensor PASPORT,8,.
108,2073,Temperature Sensor Type K ( -180 to 1260  C ),1,.
109,2073,Thermal Efficiency Apparatus,1,.
110,2073,Thermoelecric Converter,0,.
111,2073,Time-Of-Flight Accessory,1,.
112,2073,Universal Table Clamp,6,.
113,2073,USB Link (PASPORT),19,.
114,2073,USB/Serial Converter,6,.
115,2073,Van De Graaff Generator,1,.
116,2073,Viewing Screen,5,.
117,2073,Voltage- Current Sensor,1,.
118,2073,Voltage Sensor,6,.